"arquivo_origem","tipo","dimensoes","proporcao","transparencia","contexto_no_site","uso_sugerido","recorte_necessario","risco_de_direitos","observacoes"
"public/brands/banal/banal-brand-showcase.jpg","imagem","1536x1024","","não","BANAL","apoio visual para LinkedIn","validar recorte desktop/mobile","baixo se usado no contexto público do site","preservar original; usar cópia"
"public/brands/banal/banal-founder-scene.jpg","imagem","1536x1024","","não","BANAL","apoio visual para LinkedIn","validar recorte desktop/mobile","baixo se usado no contexto público do site","preservar original; usar cópia"
"public/brands/banal/banal-guideline-board.jpg","imagem","1672x941","","não","BANAL","apoio visual para LinkedIn","validar recorte desktop/mobile","baixo se usado no contexto público do site","preservar original; usar cópia"
"public/brands/banal/banal-identity-board.jpg","imagem","1672x941","","não","BANAL","apoio visual para LinkedIn","validar recorte desktop/mobile","baixo se usado no contexto público do site","preservar original; usar cópia"
"public/brands/banal/banal-identity-dark.jpg","imagem","1774x887","","não","BANAL","apoio visual para LinkedIn","validar recorte desktop/mobile","baixo se usado no contexto público do site","preservar original; usar cópia"
"public/brands/banal/banal-manifesto-board.jpg","imagem","1024x1536","","não","BANAL","apoio visual para LinkedIn","validar recorte desktop/mobile","baixo se usado no contexto público do site","preservar original; usar cópia"
"public/brands/banal/banal-refined-identity.jpg","imagem","1254x1254","","não","BANAL","apoio visual para LinkedIn","validar recorte desktop/mobile","baixo se usado no contexto público do site","preservar original; usar cópia"
"public/brands/banal/banal-symbol-minimal.jpg","logotipo/simbolo","1254x1254","","não","BANAL","apoio visual para LinkedIn","validar recorte desktop/mobile","baixo se usado no contexto público do site","preservar original; usar cópia"
"public/brands/banal/banal-symbol-primary.jpg","logotipo/simbolo","1254x1254","","não","BANAL","apoio visual para LinkedIn","validar recorte desktop/mobile","baixo se usado no contexto público do site","preservar original; usar cópia"
"public/brands/banal/media/banal-fly-loop.mp4","video","","","não","BANAL","apoio visual para LinkedIn","validar recorte desktop/mobile","baixo se usado no contexto público do site","preservar original; usar cópia"
"public/brands/banal/media/banal-logo-balanced.png","logotipo/simbolo","1260x329","","possível","BANAL","apoio visual para LinkedIn","validar recorte desktop/mobile","baixo se usado no contexto público do site","preservar original; usar cópia"
"public/brands/banal/media/banal-logo-horizontal-transparent.png","logotipo/simbolo","1536x1024","","possível","BANAL","apoio visual para LinkedIn","validar recorte desktop/mobile","baixo se usado no contexto público do site","preservar original; usar cópia"
"public/brands/verde-burgo/backgrounds/verde-burgo-bg-case-cover.jpg","imagem","2560x1440","","não","Portfólio","apoio visual para LinkedIn","validar recorte desktop/mobile","baixo se usado no contexto público do site","preservar original; usar cópia"
"public/brands/verde-burgo/backgrounds/verde-burgo-bg-hero-branco-neve.jpg","imagem","2560x1440","","não","Portfólio","apoio visual para LinkedIn","validar recorte desktop/mobile","baixo se usado no contexto público do site","preservar original; usar cópia"
"public/brands/verde-burgo/backgrounds/verde-burgo-bg-hero-verde.jpg","imagem","2560x1440","","não","Portfólio","apoio visual para LinkedIn","validar recorte desktop/mobile","baixo se usado no contexto público do site","preservar original; usar cópia"
"public/brands/verde-burgo/elements/verde-burgo-paleta.png","imagem","1024x1024","","possível","Portfólio","apoio visual para LinkedIn","validar recorte desktop/mobile","baixo se usado no contexto público do site","preservar original; usar cópia"
"public/brands/verde-burgo/elements/verde-burgo-slogan.png","imagem","500x500","","possível","Portfólio","apoio visual para LinkedIn","validar recorte desktop/mobile","baixo se usado no contexto público do site","preservar original; usar cópia"
"public/brands/verde-burgo/icons/verde-burgo-icon-principal.png","imagem","1024x1024","","possível","Portfólio","apoio visual para LinkedIn","validar recorte desktop/mobile","baixo se usado no contexto público do site","preservar original; usar cópia"
"public/brands/verde-burgo/logos/verde-burgo-logo-balanced.png","logotipo/simbolo","981x936","","possível","Portfólio","apoio visual para LinkedIn","validar recorte desktop/mobile","baixo se usado no contexto público do site","preservar original; usar cópia"
"public/brands/verde-burgo/logos/verde-burgo-logo-principal.png","logotipo/simbolo","1024x1024","","possível","Portfólio","apoio visual para LinkedIn","validar recorte desktop/mobile","baixo se usado no contexto público do site","preservar original; usar cópia"
"public/brands/verde-burgo/media/verdeburgo-in-development-hoop-loop.mp4","video","","","não","Portfólio","apoio visual para LinkedIn","validar recorte desktop/mobile","baixo se usado no contexto público do site","preservar original; usar cópia"
"public/favicon.svg","imagem","","","possível","Portfólio","apoio visual para LinkedIn","validar recorte desktop/mobile","baixo se usado no contexto público do site","preservar original; usar cópia"
"public/icons.svg","imagem","","","possível","Portfólio","apoio visual para LinkedIn","validar recorte desktop/mobile","baixo se usado no contexto público do site","preservar original; usar cópia"
"public/images/00_LOGOS/favicon-sp-white.png","logotipo/simbolo","1254x1254","","possível","Portfólio","apoio visual para LinkedIn","validar recorte desktop/mobile","baixo se usado no contexto público do site","preservar original; usar cópia"
"public/images/00_LOGOS/logo-full-transparent.png","logotipo/simbolo","2508x2508","","possível","Portfólio","apoio visual para LinkedIn","validar recorte desktop/mobile","baixo se usado no contexto público do site","preservar original; usar cópia"
"public/images/00_LOGOS/logo-full.png","logotipo/simbolo","1254x1254","","possível","Portfólio","apoio visual para LinkedIn","validar recorte desktop/mobile","baixo se usado no contexto público do site","preservar original; usar cópia"
"public/images/00_LOGOS/logo-signature-transparent.png","logotipo/simbolo","1254x1254","","possível","Portfólio","apoio visual para LinkedIn","validar recorte desktop/mobile","baixo se usado no contexto público do site","preservar original; usar cópia"
"public/images/00_LOGOS/logo-signature.png","logotipo/simbolo","1254x1254","","possível","Portfólio","apoio visual para LinkedIn","validar recorte desktop/mobile","baixo se usado no contexto público do site","preservar original; usar cópia"
"public/images/00_LOGOS/symbol-black-navbar.png","logotipo/simbolo","717x871","","possível","Portfólio","apoio visual para LinkedIn","validar recorte desktop/mobile","baixo se usado no contexto público do site","preservar original; usar cópia"
"public/images/00_LOGOS/symbol-black-transparent.png","logotipo/simbolo","1254x1254","","possível","Portfólio","apoio visual para LinkedIn","validar recorte desktop/mobile","baixo se usado no contexto público do site","preservar original; usar cópia"
"public/images/00_LOGOS/symbol-black.png","logotipo/simbolo","1254x1254","","possível","Portfólio","apoio visual para LinkedIn","validar recorte desktop/mobile","baixo se usado no contexto público do site","preservar original; usar cópia"
"public/images/00_LOGOS/symbol-white-transparent.png","logotipo/simbolo","1254x1254","","possível","Portfólio","apoio visual para LinkedIn","validar recorte desktop/mobile","baixo se usado no contexto público do site","preservar original; usar cópia"
"public/images/00_LOGOS/symbol-white.png","logotipo/simbolo","1254x1254","","possível","Portfólio","apoio visual para LinkedIn","validar recorte desktop/mobile","baixo se usado no contexto público do site","preservar original; usar cópia"
"public/images/01_VAL_FORTUNATTO/SP_CASE01_VALFORTUNATTO_02.png","imagem","1672x941","","possível","Val Fortunatto","apoio visual para LinkedIn","validar recorte desktop/mobile","baixo se usado no contexto público do site","preservar original; usar cópia"
"public/images/01_VAL_FORTUNATTO/SP_CASE01_VALFORTUNATTO_03.png","imagem","1126x1397","","possível","Val Fortunatto","apoio visual para LinkedIn","validar recorte desktop/mobile","baixo se usado no contexto público do site","preservar original; usar cópia"
"public/images/01_VAL_FORTUNATTO/SP_CASE01_VALFORTUNATTO_05.png","imagem","1662x946","","possível","Val Fortunatto","apoio visual para LinkedIn","validar recorte desktop/mobile","baixo se usado no contexto público do site","preservar original; usar cópia"
"public/images/01_VAL_FORTUNATTO/SP_CASE01_VALFORTUNATTO_06.png","imagem","1672x941","","possível","Val Fortunatto","apoio visual para LinkedIn","validar recorte desktop/mobile","baixo se usado no contexto público do site","preservar original; usar cópia"
"public/images/01_VAL_FORTUNATTO/SP_CASE01_VALFORTUNATTO_07.png","imagem","1023x1537","","possível","Val Fortunatto","apoio visual para LinkedIn","validar recorte desktop/mobile","baixo se usado no contexto público do site","preservar original; usar cópia"
"public/images/01_VAL_FORTUNATTO/SP_CASE01_VALFORTUNATTO_08.png","imagem","1672x941","","possível","Val Fortunatto","apoio visual para LinkedIn","validar recorte desktop/mobile","baixo se usado no contexto público do site","preservar original; usar cópia"
"public/images/01_VAL_FORTUNATTO/SP_CASE01_VALFORTUNATTO_09.png","imagem","1122x1402","","possível","Val Fortunatto","apoio visual para LinkedIn","validar recorte desktop/mobile","baixo se usado no contexto público do site","preservar original; usar cópia"
"public/images/02_VAL_FORTUNATTO_LINHO/SP_CASE02_LINHO_01.png","imagem","1788x2234","","possível","Val Fortunatto","apoio visual para LinkedIn","validar recorte desktop/mobile","baixo se usado no contexto público do site","preservar original; usar cópia"
"public/images/02_VAL_FORTUNATTO_LINHO/SP_CASE02_LINHO_02.png","imagem","1788x2682","","possível","Val Fortunatto","apoio visual para LinkedIn","validar recorte desktop/mobile","baixo se usado no contexto público do site","preservar original; usar cópia"
"public/images/02_VAL_FORTUNATTO_LINHO/SP_CASE02_LINHO_03.png","imagem","1788x2682","","possível","Val Fortunatto","apoio visual para LinkedIn","validar recorte desktop/mobile","baixo se usado no contexto público do site","preservar original; usar cópia"
"public/images/02_VAL_FORTUNATTO_LINHO/SP_CASE02_LINHO_04.png","imagem","1788x2682","","possível","Val Fortunatto","apoio visual para LinkedIn","validar recorte desktop/mobile","baixo se usado no contexto público do site","preservar original; usar cópia"
"public/images/02_VAL_FORTUNATTO_LINHO/SP_CASE02_LINHO_05.png","imagem","1788x2682","","possível","Val Fortunatto","apoio visual para LinkedIn","validar recorte desktop/mobile","baixo se usado no contexto público do site","preservar original; usar cópia"
"public/images/02_VAL_FORTUNATTO_LINHO/SP_CASE02_LINHO_06.png","imagem","1788x2682","","possível","Val Fortunatto","apoio visual para LinkedIn","validar recorte desktop/mobile","baixo se usado no contexto público do site","preservar original; usar cópia"
"public/images/03_ATELIE_BAMBINI/SP_CASE03_ATELIEBAMBINI_01.png","imagem","1788x1788","","possível","Portfólio","apoio visual para LinkedIn","validar recorte desktop/mobile","baixo se usado no contexto público do site","preservar original; usar cópia"
"public/images/03_ATELIE_BAMBINI/SP_CASE03_ATELIEBAMBINI_02.png","imagem","1788x1788","","possível","Portfólio","apoio visual para LinkedIn","validar recorte desktop/mobile","baixo se usado no contexto público do site","preservar original; usar cópia"
"public/images/03_ATELIE_BAMBINI/SP_CASE03_ATELIEBAMBINI_03.png","imagem","1788x1788","","possível","Portfólio","apoio visual para LinkedIn","validar recorte desktop/mobile","baixo se usado no contexto público do site","preservar original; usar cópia"
"public/images/03_ATELIE_BAMBINI/SP_CASE03_ATELIEBAMBINI_04.png","imagem","512x512","","possível","Portfólio","apoio visual para LinkedIn","validar recorte desktop/mobile","baixo se usado no contexto público do site","preservar original; usar cópia"
"public/images/03_ATELIE_BAMBINI/SP_CASE03_ATELIEBAMBINI_05.png","imagem","1788x1788","","possível","Portfólio","apoio visual para LinkedIn","validar recorte desktop/mobile","baixo se usado no contexto público do site","preservar original; usar cópia"
"public/images/03_ATELIE_BAMBINI/SP_CASE03_ATELIEBAMBINI_06.png","imagem","512x512","","possível","Portfólio","apoio visual para LinkedIn","validar recorte desktop/mobile","baixo se usado no contexto público do site","preservar original; usar cópia"
"public/images/04_R_LOVERS/SP_CASE04_RLOVERS_01.png","imagem","750x1000","","possível","Portfólio","apoio visual para LinkedIn","validar recorte desktop/mobile","baixo se usado no contexto público do site","preservar original; usar cópia"
"public/images/04_R_LOVERS/SP_CASE04_RLOVERS_02.png","imagem","750x1000","","possível","Portfólio","apoio visual para LinkedIn","validar recorte desktop/mobile","baixo se usado no contexto público do site","preservar original; usar cópia"
"public/images/04_R_LOVERS/SP_CASE04_RLOVERS_03.png","imagem","750x1000","","possível","Portfólio","apoio visual para LinkedIn","validar recorte desktop/mobile","baixo se usado no contexto público do site","preservar original; usar cópia"
"public/images/04_R_LOVERS/SP_CASE04_RLOVERS_04.png","imagem","750x1000","","possível","Portfólio","apoio visual para LinkedIn","validar recorte desktop/mobile","baixo se usado no contexto público do site","preservar original; usar cópia"
"public/images/04_R_LOVERS/SP_CASE04_RLOVERS_05.png","imagem","694x1000","","possível","Portfólio","apoio visual para LinkedIn","validar recorte desktop/mobile","baixo se usado no contexto público do site","preservar original; usar cópia"
"public/images/05_PORTI_NATAL/SP_CASE05_PORTI_NATAL_01.png","imagem","1375x1144","","possível","Porti","apoio visual para LinkedIn","validar recorte desktop/mobile","baixo se usado no contexto público do site","preservar original; usar cópia"
"public/images/05_PORTI_NATAL/SP_CASE05_PORTI_NATAL_02.png","imagem","941x1672","","possível","Porti","apoio visual para LinkedIn","validar recorte desktop/mobile","baixo se usado no contexto público do site","preservar original; usar cópia"
"public/images/05_PORTI_NATAL/SP_CASE05_PORTI_NATAL_03.png","imagem","1122x1402","","possível","Porti","apoio visual para LinkedIn","validar recorte desktop/mobile","baixo se usado no contexto público do site","preservar original; usar cópia"
"public/images/05_PORTI_NATAL/SP_CASE05_PORTI_NATAL_04.png","imagem","1305x1205","","possível","Porti","apoio visual para LinkedIn","validar recorte desktop/mobile","baixo se usado no contexto público do site","preservar original; usar cópia"
"public/images/05_PORTI_PRIMAVERA/SP_CASE05_PORTI_PRIMAVERA_01.png","imagem","1788x1788","","possível","Porti","apoio visual para LinkedIn","validar recorte desktop/mobile","baixo se usado no contexto público do site","preservar original; usar cópia"
"public/images/05_PORTI_PRIMAVERA/SP_CASE05_PORTI_PRIMAVERA_02.png","imagem","1788x2234","","possível","Porti","apoio visual para LinkedIn","validar recorte desktop/mobile","baixo se usado no contexto público do site","preservar original; usar cópia"
"public/images/05_PORTI_PRIMAVERA/SP_CASE05_PORTI_PRIMAVERA_03.png","imagem","1788x2384","","possível","Porti","apoio visual para LinkedIn","validar recorte desktop/mobile","baixo se usado no contexto público do site","preservar original; usar cópia"
"public/images/05_PORTI_PRIMAVERA/SP_CASE05_PORTI_PRIMAVERA_04.png","imagem","1788x2384","","possível","Porti","apoio visual para LinkedIn","validar recorte desktop/mobile","baixo se usado no contexto público do site","preservar original; usar cópia"
"public/images/05_PORTI_PRIMAVERA/SP_CASE05_PORTI_PRIMAVERA_05.png","imagem","1788x2384","","possível","Porti","apoio visual para LinkedIn","validar recorte desktop/mobile","baixo se usado no contexto público do site","preservar original; usar cópia"
"public/images/05_PORTI_PRIMAVERA/SP_CASE05_PORTI_PRIMAVERA_06.png","imagem","1788x2384","","possível","Porti","apoio visual para LinkedIn","validar recorte desktop/mobile","baixo se usado no contexto público do site","preservar original; usar cópia"
"public/images/05_PORTI_VERAO/SP_CASE05_PORTI_VERAO_01.png","imagem","1536x1024","","possível","Porti","apoio visual para LinkedIn","validar recorte desktop/mobile","baixo se usado no contexto público do site","preservar original; usar cópia"
"public/images/05_PORTI_VERAO/SP_CASE05_PORTI_VERAO_02.png","imagem","1024x1536","","possível","Porti","apoio visual para LinkedIn","validar recorte desktop/mobile","baixo se usado no contexto público do site","preservar original; usar cópia"
"public/images/05_PORTI_VERAO/SP_CASE05_PORTI_VERAO_03.png","imagem","1024x1536","","possível","Porti","apoio visual para LinkedIn","validar recorte desktop/mobile","baixo se usado no contexto público do site","preservar original; usar cópia"
"public/images/05_PORTI_VERAO/SP_CASE05_PORTI_VERAO_04.png","imagem","486x635","","possível","Porti","apoio visual para LinkedIn","validar recorte desktop/mobile","baixo se usado no contexto público do site","preservar original; usar cópia"
"public/images/05_PORTI_VERAO/SP_CASE05_PORTI_VERAO_05.png","imagem","1024x1536","","possível","Porti","apoio visual para LinkedIn","validar recorte desktop/mobile","baixo se usado no contexto público do site","preservar original; usar cópia"
"public/images/05_PORTI_VERAO/SP_CASE05_PORTI_VERAO_06.png","imagem","434x498","","possível","Porti","apoio visual para LinkedIn","validar recorte desktop/mobile","baixo se usado no contexto público do site","preservar original; usar cópia"
"public/images/06_HEXA/SP_CASE06_HEXA_01.png","imagem","849x1000","","possível","Portfólio","apoio visual para LinkedIn","validar recorte desktop/mobile","baixo se usado no contexto público do site","preservar original; usar cópia"
"public/images/06_HEXA/SP_CASE06_HEXA_02.png","imagem","801x1001","","possível","Portfólio","apoio visual para LinkedIn","validar recorte desktop/mobile","baixo se usado no contexto público do site","preservar original; usar cópia"
"public/images/06_HEXA/SP_CASE06_HEXA_03.png","imagem","875x1000","","possível","Portfólio","apoio visual para LinkedIn","validar recorte desktop/mobile","baixo se usado no contexto público do site","preservar original; usar cópia"
"public/images/07_CAMPANHAS_COLLABS/SP_CASE07_COLLABS_BASQUIAT_01.png","imagem","1000x1000","","possível","Portfólio","apoio visual para LinkedIn","validar recorte desktop/mobile","revisar marcas de terceiros","preservar original; usar cópia"
"public/images/07_CAMPANHAS_COLLABS/SP_CASE07_COLLABS_BASQUIAT_02.png","imagem","1000x1000","","possível","Portfólio","apoio visual para LinkedIn","validar recorte desktop/mobile","revisar marcas de terceiros","preservar original; usar cópia"
"public/images/07_CAMPANHAS_COLLABS/SP_CASE07_COLLABS_BASQUIAT_03.png","imagem","1000x1000","","possível","Portfólio","apoio visual para LinkedIn","validar recorte desktop/mobile","revisar marcas de terceiros","preservar original; usar cópia"
"public/images/07_CAMPANHAS_COLLABS/SP_CASE07_COLLABS_MANGUEIRA_01.png","imagem","1000x1000","","possível","Portfólio","apoio visual para LinkedIn","validar recorte desktop/mobile","revisar marcas de terceiros","preservar original; usar cópia"
"public/images/07_CAMPANHAS_COLLABS/SP_CASE07_COLLABS_MANGUEIRA_02.png","imagem","1000x1000","","possível","Portfólio","apoio visual para LinkedIn","validar recorte desktop/mobile","revisar marcas de terceiros","preservar original; usar cópia"
"public/images/07_CAMPANHAS_COLLABS/SP_CASE07_COLLABS_MANGUEIRA_03.png","imagem","1000x1000","","possível","Portfólio","apoio visual para LinkedIn","validar recorte desktop/mobile","revisar marcas de terceiros","preservar original; usar cópia"
"public/images/07_CAMPANHAS_COLLABS/SP_CASE07_COLLABS_NETFLIX_01.png","imagem","1000x1000","","possível","Portfólio","apoio visual para LinkedIn","validar recorte desktop/mobile","revisar marcas de terceiros","preservar original; usar cópia"
"public/images/07_CAMPANHAS_COLLABS/SP_CASE07_COLLABS_NETFLIX_02.png","imagem","1000x1000","","possível","Portfólio","apoio visual para LinkedIn","validar recorte desktop/mobile","revisar marcas de terceiros","preservar original; usar cópia"
"public/images/07_CAMPANHAS_COLLABS/SP_CASE07_COLLABS_NETFLIX_03.png","imagem","750x1000","","possível","Portfólio","apoio visual para LinkedIn","validar recorte desktop/mobile","revisar marcas de terceiros","preservar original; usar cópia"
"public/images/08_ROUGE_GOLD/SP_CASE08_ROUGE_GOLD_01.png","imagem","1554x2760","","possível","Portfólio","apoio visual para LinkedIn","validar recorte desktop/mobile","baixo se usado no contexto público do site","preservar original; usar cópia"
"public/images/08_ROUGE_GOLD/SP_CASE08_ROUGE_GOLD_02.png","imagem","1672x941","","possível","Portfólio","apoio visual para LinkedIn","validar recorte desktop/mobile","baixo se usado no contexto público do site","preservar original; usar cópia"
"public/images/08_ROUGE_GOLD/SP_CASE08_ROUGE_GOLD_03.png","imagem","1024x1536","","possível","Portfólio","apoio visual para LinkedIn","validar recorte desktop/mobile","baixo se usado no contexto público do site","preservar original; usar cópia"
"public/images/08_ROUGE_GOLD/SP_CASE08_ROUGE_GOLD_04.png","imagem","1024x1536","","possível","Portfólio","apoio visual para LinkedIn","validar recorte desktop/mobile","baixo se usado no contexto público do site","preservar original; usar cópia"
"public/images/08_ROUGE_GOLD/SP_CASE08_ROUGE_GOLD_05.png","imagem","341x512","","possível","Portfólio","apoio visual para LinkedIn","validar recorte desktop/mobile","baixo se usado no contexto público do site","preservar original; usar cópia"
"public/images/09_OUTERWEAR/SP_CASE09_OUTERWEAR_01.png","imagem","1122x1402","","possível","Portfólio","apoio visual para LinkedIn","validar recorte desktop/mobile","baixo se usado no contexto público do site","preservar original; usar cópia"
"public/images/09_OUTERWEAR/SP_CASE09_OUTERWEAR_02.png","imagem","856x1838","","possível","Portfólio","apoio visual para LinkedIn","validar recorte desktop/mobile","baixo se usado no contexto público do site","preservar original; usar cópia"
"public/images/09_OUTERWEAR/SP_CASE09_OUTERWEAR_03.png","imagem","1086x1448","","possível","Portfólio","apoio visual para LinkedIn","validar recorte desktop/mobile","baixo se usado no contexto público do site","preservar original; usar cópia"
"public/images/10_VINTAGE_DENIM/SP_CASE10_VINTAGE_DENIM_01.png","imagem","1448x1086","","possível","Portfólio","apoio visual para LinkedIn","validar recorte desktop/mobile","baixo se usado no contexto público do site","preservar original; usar cópia"
"public/images/10_VINTAGE_DENIM/SP_CASE10_VINTAGE_DENIM_02.png","imagem","1086x1448","","possível","Portfólio","apoio visual para LinkedIn","validar recorte desktop/mobile","baixo se usado no contexto público do site","preservar original; usar cópia"
"public/images/10_VINTAGE_DENIM/SP_CASE10_VINTAGE_DENIM_03.png","imagem","1086x1448","","possível","Portfólio","apoio visual para LinkedIn","validar recorte desktop/mobile","baixo se usado no contexto público do site","preservar original; usar cópia"
"public/images/11_PARAISO_TROPICAL/SP_CASE11_PARAISO_TROPICAL_01.png","imagem","1788x1342","","possível","Portfólio","apoio visual para LinkedIn","validar recorte desktop/mobile","baixo se usado no contexto público do site","preservar original; usar cópia"
"public/images/11_PARAISO_TROPICAL/SP_CASE11_PARAISO_TROPICAL_02.png","imagem","1788x1266","","possível","Portfólio","apoio visual para LinkedIn","validar recorte desktop/mobile","baixo se usado no contexto público do site","preservar original; usar cópia"
"public/images/11_PARAISO_TROPICAL/SP_CASE11_PARAISO_TROPICAL_03.png","imagem","1788x1788","","possível","Portfólio","apoio visual para LinkedIn","validar recorte desktop/mobile","baixo se usado no contexto público do site","preservar original; usar cópia"
"public/images/11_PARAISO_TROPICAL/SP_CASE11_PARAISO_TROPICAL_04.png","imagem","1788x1788","","possível","Portfólio","apoio visual para LinkedIn","validar recorte desktop/mobile","baixo se usado no contexto público do site","preservar original; usar cópia"
"public/images/11_PARAISO_TROPICAL/SP_CASE11_PARAISO_TROPICAL_05.png","imagem","1788x1788","","possível","Portfólio","apoio visual para LinkedIn","validar recorte desktop/mobile","baixo se usado no contexto público do site","preservar original; usar cópia"
"public/images/12_LOGO/samuel-paes-logo.png","logotipo/simbolo","1254x1254","","possível","Portfólio","apoio visual para LinkedIn","validar recorte desktop/mobile","baixo se usado no contexto público do site","preservar original; usar cópia"
"public/images/12_LOGO/samuel-paes-logo.png.png","logotipo/simbolo","1254x1254","","possível","Portfólio","apoio visual para LinkedIn","validar recorte desktop/mobile","baixo se usado no contexto público do site","preservar original; usar cópia"
"public/images/12_LOGO/samuel-paes-signature.png","logotipo/simbolo","1254x1254","","possível","Portfólio","apoio visual para LinkedIn","validar recorte desktop/mobile","baixo se usado no contexto público do site","preservar original; usar cópia"
"public/images/12_LOGO/samuel-paes-signature.png.png","logotipo/simbolo","1254x1254","","possível","Portfólio","apoio visual para LinkedIn","validar recorte desktop/mobile","baixo se usado no contexto público do site","preservar original; usar cópia"
"public/images/12_LOGO/samuel-paes-symbol black.png.png","logotipo/simbolo","1254x1254","","possível","Portfólio","apoio visual para LinkedIn","validar recorte desktop/mobile","baixo se usado no contexto público do site","preservar original; usar cópia"
"public/images/12_LOGO/samuel-paes-symbol whith .png.png","logotipo/simbolo","1254x1254","","possível","Portfólio","apoio visual para LinkedIn","validar recorte desktop/mobile","baixo se usado no contexto público do site","preservar original; usar cópia"
"public/images/12_LOGO/samuel-paes-symbol-black.png","logotipo/simbolo","1254x1254","","possível","Portfólio","apoio visual para LinkedIn","validar recorte desktop/mobile","baixo se usado no contexto público do site","preservar original; usar cópia"
"public/images/12_LOGO/samuel-paes-symbol-white.png","logotipo/simbolo","1254x1254","","possível","Portfólio","apoio visual para LinkedIn","validar recorte desktop/mobile","baixo se usado no contexto público do site","preservar original; usar cópia"
"public/images/13_VISAO/about-transition.png","imagem","1942x809","","possível","Portfólio","apoio visual para LinkedIn","validar recorte desktop/mobile","baixo se usado no contexto público do site","preservar original; usar cópia"
"public/images/14_VERDEBURGO/PROVENCE_RAIZ/02_WEB/hero-mural-toile-de-jouy-provence-raiz.jpg","imagem","1536x1152","","não","Provence Raiz","apoio visual para LinkedIn","validar recorte desktop/mobile","baixo se usado no contexto público do site","preservar original; usar cópia"
"public/images/14_VERDEBURGO/PROVENCE_RAIZ/02_WEB/logo-verdeburgo-eventos.png","logotipo/simbolo","578x578","","possível","Provence Raiz","apoio visual para LinkedIn","validar recorte desktop/mobile","baixo se usado no contexto público do site","preservar original; usar cópia"
"public/images/14_VERDEBURGO/PROVENCE_RAIZ/02_WEB/prancha-tecnica-luminaria-cenografica-suspensa.jpg","imagem","1536x1024","","não","Provence Raiz","apoio visual para LinkedIn","validar recorte desktop/mobile","baixo se usado no contexto público do site","preservar original; usar cópia"
"public/images/14_VERDEBURGO/PROVENCE_RAIZ/02_WEB/prancha-tecnica-luminaria-pendulo-carretel.jpg","imagem","1491x1055","","não","Provence Raiz","apoio visual para LinkedIn","validar recorte desktop/mobile","baixo se usado no contexto público do site","preservar original; usar cópia"
"public/images/14_VERDEBURGO/PROVENCE_RAIZ/02_WEB/prancha-tecnica-pilastras-cenograficas-altar.jpg","imagem","1491x1055","","não","Provence Raiz","apoio visual para LinkedIn","validar recorte desktop/mobile","baixo se usado no contexto público do site","preservar original; usar cópia"
"public/images/14_VERDEBURGO/PROVENCE_RAIZ/02_WEB/provence-raiz-bar-hospitalidade-toile-lavanda.jpg","imagem","1020x1020","","não","Provence Raiz","apoio visual para LinkedIn","validar recorte desktop/mobile","baixo se usado no contexto público do site","preservar original; usar cópia"
"public/images/14_VERDEBURGO/PROVENCE_RAIZ/02_WEB/provence-raiz-bar-toile-pinheiros-luminarias.jpg","imagem","1020x678","","não","Provence Raiz","apoio visual para LinkedIn","validar recorte desktop/mobile","baixo se usado no contexto público do site","preservar original; usar cópia"
"public/images/14_VERDEBURGO/PROVENCE_RAIZ/02_WEB/provence-raiz-cerimonia-passarela-altar.jpg","imagem","1020x1532","","não","Provence Raiz","apoio visual para LinkedIn","validar recorte desktop/mobile","baixo se usado no contexto público do site","preservar original; usar cópia"
"public/images/14_VERDEBURGO/PROVENCE_RAIZ/02_WEB/provence-raiz-escada-cascata-floral.jpg","imagem","1333x2000","","não","Provence Raiz","apoio visual para LinkedIn","validar recorte desktop/mobile","baixo se usado no contexto público do site","preservar original; usar cópia"
"public/images/14_VERDEBURGO/PROVENCE_RAIZ/02_WEB/provence-raiz-estudo-floral-volume-natural.jpg","imagem","1800x1013","","não","Provence Raiz","apoio visual para LinkedIn","validar recorte desktop/mobile","baixo se usado no contexto público do site","preservar original; usar cópia"
"public/images/14_VERDEBURGO/PROVENCE_RAIZ/02_WEB/provence-raiz-lounge-residencial-linho-azul.jpg","imagem","1900x1069","","não","Provence Raiz","apoio visual para LinkedIn","validar recorte desktop/mobile","baixo se usado no contexto público do site","preservar original; usar cópia"
"public/images/14_VERDEBURGO/PROVENCE_RAIZ/02_WEB/provence-raiz-mesa-bolo-toile-lustres.jpg","imagem","1900x1069","","não","Provence Raiz","apoio visual para LinkedIn","validar recorte desktop/mobile","baixo se usado no contexto público do site","preservar original; usar cópia"
"public/images/14_VERDEBURGO/PROVENCE_RAIZ/02_WEB/provence-raiz-moodboard-cerimonia.jpg","imagem","1774x1600","","não","Provence Raiz","apoio visual para LinkedIn","validar recorte desktop/mobile","baixo se usado no contexto público do site","preservar original; usar cópia"
"public/images/14_VERDEBURGO/PROVENCE_RAIZ/02_WEB/provence-raiz-moodboard-lounge.jpg","imagem","1800x1237","","não","Provence Raiz","apoio visual para LinkedIn","validar recorte desktop/mobile","baixo se usado no contexto público do site","preservar original; usar cópia"
"public/images/14_VERDEBURGO/PROVENCE_RAIZ/02_WEB/provence-raiz-moodboard-materia-real.jpg","imagem","1800x1013","","não","Provence Raiz","apoio visual para LinkedIn","validar recorte desktop/mobile","baixo se usado no contexto público do site","preservar original; usar cópia"
"public/images/14_VERDEBURGO/PROVENCE_RAIZ/02_WEB/provence-raiz-moodboard-materialidade-antiga.jpg","imagem","1800x1237","","não","Provence Raiz","apoio visual para LinkedIn","validar recorte desktop/mobile","baixo se usado no contexto público do site","preservar original; usar cópia"
"public/images/14_VERDEBURGO/PROVENCE_RAIZ/02_WEB/provence-raiz-moodboard-mesa-bolo.jpg","imagem","1800x1237","","não","Provence Raiz","apoio visual para LinkedIn","validar recorte desktop/mobile","baixo se usado no contexto público do site","preservar original; usar cópia"
"public/images/14_VERDEBURGO/PROVENCE_RAIZ/02_WEB/provence-raiz-planta-casa-giardini.jpg","imagem","1800x1049","","não","Provence Raiz","apoio visual para LinkedIn","validar recorte desktop/mobile","baixo se usado no contexto público do site","preservar original; usar cópia"
"public/images/14_VERDEBURGO/PROVENCE_RAIZ/03_REFINAMENTO/board-materia-textura-cores.jpg","imagem","1024x1536","","não","Provence Raiz","apoio visual para LinkedIn","validar recorte desktop/mobile","baixo se usado no contexto público do site","preservar original; usar cópia"
"public/images/14_VERDEBURGO/PROVENCE_RAIZ/03_REFINAMENTO/board-volume-natural-nunca-artificial.jpg","imagem","1676x939","","não","Provence Raiz","apoio visual para LinkedIn","validar recorte desktop/mobile","baixo se usado no contexto público do site","preservar original; usar cópia"
"public/images/14_VERDEBURGO/PROVENCE_RAIZ/03_REFINAMENTO/moodboard-integracao-atmosfera-provence.jpg","imagem","1402x1122","","não","Provence Raiz","apoio visual para LinkedIn","validar recorte desktop/mobile","baixo se usado no contexto público do site","preservar original; usar cópia"
"public/images/14_VERDEBURGO/PROVENCE_RAIZ/03_REFINAMENTO/pilastras-refinada.jpg","imagem","1536x1024","","não","Provence Raiz","apoio visual para LinkedIn","validar recorte desktop/mobile","baixo se usado no contexto público do site","preservar original; usar cópia"
"public/images/14_VERDEBURGO/PROVENCE_RAIZ/03_REFINAMENTO/prancha-tecnica-luminaria-carretel-refinada.jpg","imagem","1381x1139","","não","Provence Raiz","apoio visual para LinkedIn","validar recorte desktop/mobile","baixo se usado no contexto público do site","preservar original; usar cópia"
"public/images/14_VERDEBURGO/PROVENCE_RAIZ/03_REFINAMENTO/prancha-tecnica-luminaria-gaiola-cenografica.jpg","imagem","1536x1024","","não","Provence Raiz","apoio visual para LinkedIn","validar recorte desktop/mobile","baixo se usado no contexto público do site","preservar original; usar cópia"
"public/images/14_VERDEBURGO/PROVENCE_RAIZ/03_REFINAMENTO/render-cerimonia-altar-passarela-refinado.jpg","imagem","1023x1537","","não","Provence Raiz","apoio visual para LinkedIn","validar recorte desktop/mobile","baixo se usado no contexto público do site","preservar original; usar cópia"
"public/images/14_VERDEBURGO/PROVENCE_RAIZ/03_REFINAMENTO/render-escada-cascata-floral-refinado.jpg","imagem","1254x1254","","não","Provence Raiz","apoio visual para LinkedIn","validar recorte desktop/mobile","baixo se usado no contexto público do site","preservar original; usar cópia"
"public/images/14_VERDEBURGO/PROVENCE_RAIZ/03_REFINAMENTO/render-mesa-bolo-mural-toile-alternativo.jpg","imagem","1374x1374","","não","Provence Raiz","apoio visual para LinkedIn","validar recorte desktop/mobile","baixo se usado no contexto público do site","preservar original; usar cópia"
"public/images/14_VERDEBURGO/PROVENCE_RAIZ/03_REFINAMENTO/render-mesa-bolo-mural-toile-refinado.jpg","imagem","1448x1086","","não","Provence Raiz","apoio visual para LinkedIn","validar recorte desktop/mobile","baixo se usado no contexto público do site","preservar original; usar cópia"
"public/images/14_VERDEBURGO/PROVENCE_RAIZ/05_CASE_SYSTEM/hospitality-bag.webp","imagem","","","não","Provence Raiz","apoio visual para LinkedIn","validar recorte desktop/mobile","baixo se usado no contexto público do site","preservar original; usar cópia"
"public/images/14_VERDEBURGO/PROVENCE_RAIZ/05_CASE_SYSTEM/hospitality-bottle-label.webp","imagem","","","não","Provence Raiz","apoio visual para LinkedIn","validar recorte desktop/mobile","baixo se usado no contexto público do site","preservar original; usar cópia"
"public/images/14_VERDEBURGO/PROVENCE_RAIZ/05_CASE_SYSTEM/hospitality-box-suite.webp","imagem","","","não","Provence Raiz","apoio visual para LinkedIn","validar recorte desktop/mobile","baixo se usado no contexto público do site","preservar original; usar cópia"
"public/images/14_VERDEBURGO/PROVENCE_RAIZ/05_CASE_SYSTEM/hospitality-envelope-card.webp","imagem","","","não","Provence Raiz","apoio visual para LinkedIn","validar recorte desktop/mobile","baixo se usado no contexto público do site","preservar original; usar cópia"
"public/images/14_VERDEBURGO/PROVENCE_RAIZ/05_CASE_SYSTEM/hospitality-favor-bag.webp","imagem","","","não","Provence Raiz","apoio visual para LinkedIn","validar recorte desktop/mobile","baixo se usado no contexto público do site","preservar original; usar cópia"
"public/images/14_VERDEBURGO/PROVENCE_RAIZ/05_CASE_SYSTEM/hospitality-gift-box.webp","imagem","","","não","Provence Raiz","apoio visual para LinkedIn","validar recorte desktop/mobile","baixo se usado no contexto público do site","preservar original; usar cópia"
"public/images/14_VERDEBURGO/PROVENCE_RAIZ/05_CASE_SYSTEM/hospitality-gift-suite.webp","imagem","","","não","Provence Raiz","apoio visual para LinkedIn","validar recorte desktop/mobile","baixo se usado no contexto público do site","preservar original; usar cópia"
"public/images/14_VERDEBURGO/PROVENCE_RAIZ/05_CASE_SYSTEM/hospitality-place-card.webp","imagem","","","não","Provence Raiz","apoio visual para LinkedIn","validar recorte desktop/mobile","baixo se usado no contexto público do site","preservar original; usar cópia"
"public/images/14_VERDEBURGO/PROVENCE_RAIZ/05_CASE_SYSTEM/hospitality-wrapped-box.webp","imagem","","","não","Provence Raiz","apoio visual para LinkedIn","validar recorte desktop/mobile","baixo se usado no contexto público do site","preservar original; usar cópia"
"public/images/14_VERDEBURGO/PROVENCE_RAIZ/05_CASE_SYSTEM/identity-flatlay.webp","imagem","","","não","Provence Raiz","apoio visual para LinkedIn","validar recorte desktop/mobile","baixo se usado no contexto público do site","preservar original; usar cópia"
"public/images/14_VERDEBURGO/PROVENCE_RAIZ/05_CASE_SYSTEM/identity-stationery-overview.webp","imagem","","","não","Provence Raiz","apoio visual para LinkedIn","validar recorte desktop/mobile","baixo se usado no contexto público do site","preservar original; usar cópia"
"public/images/14_VERDEBURGO/PROVENCE_RAIZ/05_CASE_SYSTEM/identity-system-guide.webp","imagem","","","não","Provence Raiz","apoio visual para LinkedIn","validar recorte desktop/mobile","baixo se usado no contexto público do site","preservar original; usar cópia"
"public/images/14_VERDEBURGO/PROVENCE_RAIZ/05_CASE_SYSTEM/material-board.webp","imagem","","","não","Provence Raiz","apoio visual para LinkedIn","validar recorte desktop/mobile","baixo se usado no contexto público do site","preservar original; usar cópia"
"public/images/14_VERDEBURGO/PROVENCE_RAIZ/05_CASE_SYSTEM/monogram-embossed.webp","imagem","","","não","Provence Raiz","apoio visual para LinkedIn","validar recorte desktop/mobile","baixo se usado no contexto público do site","preservar original; usar cópia"
"public/images/14_VERDEBURGO/PROVENCE_RAIZ/05_CASE_SYSTEM/monogram-guestbook.webp","imagem","","","não","Provence Raiz","apoio visual para LinkedIn","validar recorte desktop/mobile","baixo se usado no contexto público do site","preservar original; usar cópia"
"public/images/14_VERDEBURGO/PROVENCE_RAIZ/05_CASE_SYSTEM/monogram-master.webp","imagem","1800x1200","","não","Provence Raiz","apoio visual para LinkedIn","validar recorte desktop/mobile","baixo se usado no contexto público do site","preservar original; usar cópia"
"public/images/14_VERDEBURGO/PROVENCE_RAIZ/05_CASE_SYSTEM/monogram-paper-detail.webp","imagem","","","não","Provence Raiz","apoio visual para LinkedIn","validar recorte desktop/mobile","baixo se usado no contexto público do site","preservar original; usar cópia"
"public/images/14_VERDEBURGO/PROVENCE_RAIZ/05_CASE_SYSTEM/ornament-library.webp","imagem","","","não","Provence Raiz","apoio visual para LinkedIn","validar recorte desktop/mobile","baixo se usado no contexto público do site","preservar original; usar cópia"
"public/images/14_VERDEBURGO/PROVENCE_RAIZ/05_CASE_SYSTEM/ornament-study-corners.webp","imagem","","","não","Provence Raiz","apoio visual para LinkedIn","validar recorte desktop/mobile","baixo se usado no contexto público do site","preservar original; usar cópia"
"public/images/14_VERDEBURGO/PROVENCE_RAIZ/05_CASE_SYSTEM/ornament-study-filets.webp","imagem","","","não","Provence Raiz","apoio visual para LinkedIn","validar recorte desktop/mobile","baixo se usado no contexto público do site","preservar original; usar cópia"
"public/images/14_VERDEBURGO/PROVENCE_RAIZ/05_CASE_SYSTEM/ornament-study-frames.webp","imagem","","","não","Provence Raiz","apoio visual para LinkedIn","validar recorte desktop/mobile","baixo se usado no contexto público do site","preservar original; usar cópia"
"public/images/14_VERDEBURGO/PROVENCE_RAIZ/05_CASE_SYSTEM/ornament-study-seals.webp","imagem","","","não","Provence Raiz","apoio visual para LinkedIn","validar recorte desktop/mobile","baixo se usado no contexto público do site","preservar original; usar cópia"
"public/images/14_VERDEBURGO/PROVENCE_RAIZ/05_CASE_SYSTEM/paper-envelope-suite.webp","imagem","","","não","Provence Raiz","apoio visual para LinkedIn","validar recorte desktop/mobile","baixo se usado no contexto público do site","preservar original; usar cópia"
"public/images/14_VERDEBURGO/PROVENCE_RAIZ/05_CASE_SYSTEM/paper-event-card.webp","imagem","","","não","Provence Raiz","apoio visual para LinkedIn","validar recorte desktop/mobile","baixo se usado no contexto público do site","preservar original; usar cópia"
"public/images/14_VERDEBURGO/PROVENCE_RAIZ/05_CASE_SYSTEM/paper-invitation-cover.webp","imagem","","","não","Provence Raiz","apoio visual para LinkedIn","validar recorte desktop/mobile","baixo se usado no contexto público do site","preservar original; usar cópia"
"public/images/14_VERDEBURGO/PROVENCE_RAIZ/05_CASE_SYSTEM/paper-menu-vertical.webp","imagem","","","não","Provence Raiz","apoio visual para LinkedIn","validar recorte desktop/mobile","baixo se usado no contexto público do site","preservar original; usar cópia"
"public/images/14_VERDEBURGO/PROVENCE_RAIZ/05_CASE_SYSTEM/paper-place-card.webp","imagem","","","não","Provence Raiz","apoio visual para LinkedIn","validar recorte desktop/mobile","baixo se usado no contexto público do site","preservar original; usar cópia"
"public/images/14_VERDEBURGO/PROVENCE_RAIZ/05_CASE_SYSTEM/paper-program-suite.webp","imagem","","","não","Provence Raiz","apoio visual para LinkedIn","validar recorte desktop/mobile","baixo se usado no contexto público do site","preservar original; usar cópia"
"public/images/14_VERDEBURGO/PROVENCE_RAIZ/05_CASE_SYSTEM/paper-thank-you-card.webp","imagem","","","não","Provence Raiz","apoio visual para LinkedIn","validar recorte desktop/mobile","baixo se usado no contexto público do site","preservar original; usar cópia"
"public/images/14_VERDEBURGO/PROVENCE_RAIZ/05_CASE_SYSTEM/paper-vows-book.webp","imagem","","","não","Provence Raiz","apoio visual para LinkedIn","validar recorte desktop/mobile","baixo se usado no contexto público do site","preservar original; usar cópia"
"public/images/14_VERDEBURGO/PROVENCE_RAIZ/05_CASE_SYSTEM/sign-arched.webp","imagem","","","não","Provence Raiz","apoio visual para LinkedIn","validar recorte desktop/mobile","baixo se usado no contexto público do site","preservar original; usar cópia"
"public/images/14_VERDEBURGO/PROVENCE_RAIZ/05_CASE_SYSTEM/sign-ceremony.webp","imagem","","","não","Provence Raiz","apoio visual para LinkedIn","validar recorte desktop/mobile","baixo se usado no contexto público do site","preservar original; usar cópia"
"public/images/14_VERDEBURGO/PROVENCE_RAIZ/05_CASE_SYSTEM/sign-directional.webp","imagem","","","não","Provence Raiz","apoio visual para LinkedIn","validar recorte desktop/mobile","baixo se usado no contexto público do site","preservar original; usar cópia"
"public/images/14_VERDEBURGO/PROVENCE_RAIZ/05_CASE_SYSTEM/sign-mini.webp","imagem","","","não","Provence Raiz","apoio visual para LinkedIn","validar recorte desktop/mobile","baixo se usado no contexto público do site","preservar original; usar cópia"
"public/images/14_VERDEBURGO/PROVENCE_RAIZ/05_CASE_SYSTEM/sign-mirror.webp","imagem","","","não","Provence Raiz","apoio visual para LinkedIn","validar recorte desktop/mobile","baixo se usado no contexto público do site","preservar original; usar cópia"
"public/images/14_VERDEBURGO/PROVENCE_RAIZ/05_CASE_SYSTEM/sign-table.webp","imagem","","","não","Provence Raiz","apoio visual para LinkedIn","validar recorte desktop/mobile","baixo se usado no contexto público do site","preservar original; usar cópia"
"public/images/14_VERDEBURGO/PROVENCE_RAIZ/05_CASE_SYSTEM/sign-welcome.webp","imagem","","","não","Provence Raiz","apoio visual para LinkedIn","validar recorte desktop/mobile","baixo se usado no contexto público do site","preservar original; usar cópia"
"public/images/14_VERDEBURGO/PROVENCE_RAIZ/05_CASE_SYSTEM/toile-pattern.webp","imagem","","","não","Provence Raiz","apoio visual para LinkedIn","validar recorte desktop/mobile","baixo se usado no contexto público do site","preservar original; usar cópia"
"public/images/14_VERDEBURGO/PROVENCE_RAIZ/06_ARCHITECTURE_SERIES/carretel-capa.webp","imagem","","","não","Provence Raiz","apoio visual para LinkedIn","validar recorte desktop/mobile","baixo se usado no contexto público do site","preservar original; usar cópia"
"public/images/14_VERDEBURGO/PROVENCE_RAIZ/06_ARCHITECTURE_SERIES/carretel-corte.webp","imagem","","","não","Provence Raiz","apoio visual para LinkedIn","validar recorte desktop/mobile","baixo se usado no contexto público do site","preservar original; usar cópia"
"public/images/14_VERDEBURGO/PROVENCE_RAIZ/06_ARCHITECTURE_SERIES/carretel-difusor.webp","imagem","","","não","Provence Raiz","apoio visual para LinkedIn","validar recorte desktop/mobile","baixo se usado no contexto público do site","preservar original; usar cópia"
"public/images/14_VERDEBURGO/PROVENCE_RAIZ/06_ARCHITECTURE_SERIES/carretel-explodida.webp","imagem","","","não","Provence Raiz","apoio visual para LinkedIn","validar recorte desktop/mobile","baixo se usado no contexto público do site","preservar original; usar cópia"
"public/images/14_VERDEBURGO/PROVENCE_RAIZ/06_ARCHITECTURE_SERIES/carretel-suspensao.webp","imagem","","","não","Provence Raiz","apoio visual para LinkedIn","validar recorte desktop/mobile","baixo se usado no contexto público do site","preservar original; usar cópia"
"public/images/14_VERDEBURGO/PROVENCE_RAIZ/06_ARCHITECTURE_SERIES/gaiola-capa.webp","imagem","","","não","Provence Raiz","apoio visual para LinkedIn","validar recorte desktop/mobile","baixo se usado no contexto público do site","preservar original; usar cópia"
"public/images/14_VERDEBURGO/PROVENCE_RAIZ/06_ARCHITECTURE_SERIES/gaiola-corte.webp","imagem","","","não","Provence Raiz","apoio visual para LinkedIn","validar recorte desktop/mobile","baixo se usado no contexto público do site","preservar original; usar cópia"
"public/images/14_VERDEBURGO/PROVENCE_RAIZ/06_ARCHITECTURE_SERIES/gaiola-explodida.webp","imagem","","","não","Provence Raiz","apoio visual para LinkedIn","validar recorte desktop/mobile","baixo se usado no contexto público do site","preservar original; usar cópia"
"public/images/14_VERDEBURGO/PROVENCE_RAIZ/06_ARCHITECTURE_SERIES/gaiola-pingente.webp","imagem","","","não","Provence Raiz","apoio visual para LinkedIn","validar recorte desktop/mobile","baixo se usado no contexto público do site","preservar original; usar cópia"
"public/images/14_VERDEBURGO/PROVENCE_RAIZ/06_ARCHITECTURE_SERIES/gaiola-suspensao.webp","imagem","","","não","Provence Raiz","apoio visual para LinkedIn","validar recorte desktop/mobile","baixo se usado no contexto público do site","preservar original; usar cópia"
"public/images/14_VERDEBURGO/PROVENCE_RAIZ/06_ARCHITECTURE_SERIES/pilastras-capa.webp","imagem","","","não","Provence Raiz","apoio visual para LinkedIn","validar recorte desktop/mobile","baixo se usado no contexto público do site","preservar original; usar cópia"
"public/images/14_VERDEBURGO/PROVENCE_RAIZ/06_ARCHITECTURE_SERIES/pilastras-corte.webp","imagem","","","não","Provence Raiz","apoio visual para LinkedIn","validar recorte desktop/mobile","baixo se usado no contexto público do site","preservar original; usar cópia"
"public/images/14_VERDEBURGO/PROVENCE_RAIZ/06_ARCHITECTURE_SERIES/pilastras-explodida.webp","imagem","","","não","Provence Raiz","apoio visual para LinkedIn","validar recorte desktop/mobile","baixo se usado no contexto público do site","preservar original; usar cópia"
"public/images/14_VERDEBURGO/PROVENCE_RAIZ/06_ARCHITECTURE_SERIES/pilastras-integracao-floral.webp","imagem","","","não","Provence Raiz","apoio visual para LinkedIn","validar recorte desktop/mobile","baixo se usado no contexto público do site","preservar original; usar cópia"
"public/images/14_VERDEBURGO/PROVENCE_RAIZ/06_ARCHITECTURE_SERIES/pilastras-luz-oculta.webp","imagem","","","não","Provence Raiz","apoio visual para LinkedIn","validar recorte desktop/mobile","baixo se usado no contexto público do site","preservar original; usar cópia"
"public/images/14_VERDEBURGO/PROVENCE_RAIZ/07_STARTER_X5/hospitality-alcohol-label.jpg","imagem","999x1500","","não","Provence Raiz","apoio visual para LinkedIn","validar recorte desktop/mobile","baixo se usado no contexto público do site","preservar original; usar cópia"
"public/images/14_VERDEBURGO/PROVENCE_RAIZ/07_STARTER_X5/hospitality-cologne-label.jpg","imagem","1000x1500","","não","Provence Raiz","apoio visual para LinkedIn","validar recorte desktop/mobile","baixo se usado no contexto público do site","preservar original; usar cópia"
"public/images/14_VERDEBURGO/PROVENCE_RAIZ/07_STARTER_X5/hospitality-favor-band.jpg","imagem","1500x1000","","não","Provence Raiz","apoio visual para LinkedIn","validar recorte desktop/mobile","baixo se usado no contexto público do site","preservar original; usar cópia"
"public/images/14_VERDEBURGO/PROVENCE_RAIZ/07_STARTER_X5/hospitality-favor-wrap.jpg","imagem","1500x1000","","não","Provence Raiz","apoio visual para LinkedIn","validar recorte desktop/mobile","baixo se usado no contexto público do site","preservar original; usar cópia"
"public/images/14_VERDEBURGO/PROVENCE_RAIZ/07_STARTER_X5/hospitality-gift-tag.jpg","imagem","1500x1500","","não","Provence Raiz","apoio visual para LinkedIn","validar recorte desktop/mobile","baixo se usado no contexto público do site","preservar original; usar cópia"
"public/images/14_VERDEBURGO/PROVENCE_RAIZ/07_STARTER_X5/hospitality-instruction-card.jpg","imagem","999x1500","","não","Provence Raiz","apoio visual para LinkedIn","validar recorte desktop/mobile","baixo se usado no contexto público do site","preservar original; usar cópia"
"public/images/14_VERDEBURGO/PROVENCE_RAIZ/07_STARTER_X5/hospitality-soap-label.jpg","imagem","1000x1500","","não","Provence Raiz","apoio visual para LinkedIn","validar recorte desktop/mobile","baixo se usado no contexto público do site","preservar original; usar cópia"
"public/images/14_VERDEBURGO/PROVENCE_RAIZ/07_STARTER_X5/hospitality-toiletry-kit.jpg","imagem","1500x1000","","não","Provence Raiz","apoio visual para LinkedIn","validar recorte desktop/mobile","baixo se usado no contexto público do site","preservar original; usar cópia"
"public/images/14_VERDEBURGO/PROVENCE_RAIZ/07_STARTER_X5/hospitality-toiletry-label.jpg","imagem","1500x1000","","não","Provence Raiz","apoio visual para LinkedIn","validar recorte desktop/mobile","baixo se usado no contexto público do site","preservar original; usar cópia"
"public/images/14_VERDEBURGO/PROVENCE_RAIZ/07_STARTER_X5/hospitality-wrapped-favor.jpg","imagem","1500x1000","","não","Provence Raiz","apoio visual para LinkedIn","validar recorte desktop/mobile","baixo se usado no contexto público do site","preservar original; usar cópia"
"public/images/14_VERDEBURGO/PROVENCE_RAIZ/07_STARTER_X5/identity-brand-board.jpg","imagem","1500x999","","não","Provence Raiz","apoio visual para LinkedIn","validar recorte desktop/mobile","baixo se usado no contexto público do site","preservar original; usar cópia"
"public/images/14_VERDEBURGO/PROVENCE_RAIZ/07_STARTER_X5/identity-cotton-paper.jpg","imagem","1500x1000","","não","Provence Raiz","apoio visual para LinkedIn","validar recorte desktop/mobile","baixo se usado no contexto público do site","preservar original; usar cópia"
"public/images/14_VERDEBURGO/PROVENCE_RAIZ/07_STARTER_X5/identity-material-board.jpg","imagem","1500x1000","","não","Provence Raiz","apoio visual para LinkedIn","validar recorte desktop/mobile","baixo se usado no contexto público do site","preservar original; usar cópia"
"public/images/14_VERDEBURGO/PROVENCE_RAIZ/07_STARTER_X5/identity-palette-system.jpg","imagem","1500x1000","","não","Provence Raiz","apoio visual para LinkedIn","validar recorte desktop/mobile","baixo se usado no contexto público do site","preservar original; usar cópia"
"public/images/14_VERDEBURGO/PROVENCE_RAIZ/07_STARTER_X5/identity-toile-envelope.jpg","imagem","1500x1000","","não","Provence Raiz","apoio visual para LinkedIn","validar recorte desktop/mobile","baixo se usado no contexto público do site","preservar original; usar cópia"
"public/images/14_VERDEBURGO/PROVENCE_RAIZ/07_STARTER_X5/identity-toile-wallpaper.jpg","imagem","844x1500","","não","Provence Raiz","apoio visual para LinkedIn","validar recorte desktop/mobile","baixo se usado no contexto público do site","preservar original; usar cópia"
"public/images/14_VERDEBURGO/PROVENCE_RAIZ/07_STARTER_X5/monogram-coat-of-arms.jpg","imagem","1500x1500","","não","Provence Raiz","apoio visual para LinkedIn","validar recorte desktop/mobile","baixo se usado no contexto público do site","preservar original; usar cópia"
"public/images/14_VERDEBURGO/PROVENCE_RAIZ/07_STARTER_X5/monogram-primary.jpg","imagem","1500x1500","","não","Provence Raiz","apoio visual para LinkedIn","validar recorte desktop/mobile","baixo se usado no contexto público do site","preservar original; usar cópia"
"public/images/14_VERDEBURGO/PROVENCE_RAIZ/07_STARTER_X5/monogram-seal.jpg","imagem","1500x1500","","não","Provence Raiz","apoio visual para LinkedIn","validar recorte desktop/mobile","baixo se usado no contexto público do site","preservar original; usar cópia"
"public/images/14_VERDEBURGO/PROVENCE_RAIZ/07_STARTER_X5/monogram-secondary.jpg","imagem","1500x1500","","não","Provence Raiz","apoio visual para LinkedIn","validar recorte desktop/mobile","baixo se usado no contexto público do site","preservar original; usar cópia"
"public/images/14_VERDEBURGO/PROVENCE_RAIZ/07_STARTER_X5/ornament-corners.jpg","imagem","1500x1000","","não","Provence Raiz","apoio visual para LinkedIn","validar recorte desktop/mobile","baixo se usado no contexto público do site","preservar original; usar cópia"
"public/images/14_VERDEBURGO/PROVENCE_RAIZ/07_STARTER_X5/ornament-filets.jpg","imagem","1500x1000","","não","Provence Raiz","apoio visual para LinkedIn","validar recorte desktop/mobile","baixo se usado no contexto público do site","preservar original; usar cópia"
"public/images/14_VERDEBURGO/PROVENCE_RAIZ/07_STARTER_X5/ornament-frames.jpg","imagem","1500x1000","","não","Provence Raiz","apoio visual para LinkedIn","validar recorte desktop/mobile","baixo se usado no contexto público do site","preservar original; usar cópia"
"public/images/14_VERDEBURGO/PROVENCE_RAIZ/07_STARTER_X5/ornament-icon-library.jpg","imagem","1500x1000","","não","Provence Raiz","apoio visual para LinkedIn","validar recorte desktop/mobile","baixo se usado no contexto público do site","preservar original; usar cópia"
"public/images/14_VERDEBURGO/PROVENCE_RAIZ/07_STARTER_X5/ornament-seals.jpg","imagem","1500x1000","","não","Provence Raiz","apoio visual para LinkedIn","validar recorte desktop/mobile","baixo se usado no contexto público do site","preservar original; usar cópia"
"public/images/14_VERDEBURGO/PROVENCE_RAIZ/07_STARTER_X5/paper-ceremony-program.jpg","imagem","1000x1500","","não","Provence Raiz","apoio visual para LinkedIn","validar recorte desktop/mobile","baixo se usado no contexto público do site","preservar original; usar cópia"
"public/images/14_VERDEBURGO/PROVENCE_RAIZ/07_STARTER_X5/paper-envelope-liner.jpg","imagem","1500x1000","","não","Provence Raiz","apoio visual para LinkedIn","validar recorte desktop/mobile","baixo se usado no contexto público do site","preservar original; usar cópia"
"public/images/14_VERDEBURGO/PROVENCE_RAIZ/07_STARTER_X5/paper-envelope.jpg","imagem","1500x1000","","não","Provence Raiz","apoio visual para LinkedIn","validar recorte desktop/mobile","baixo se usado no contexto público do site","preservar original; usar cópia"
"public/images/14_VERDEBURGO/PROVENCE_RAIZ/07_STARTER_X5/paper-invitation.jpg","imagem","1000x1500","","não","Provence Raiz","apoio visual para LinkedIn","validar recorte desktop/mobile","baixo se usado no contexto público do site","preservar original; usar cópia"
"public/images/14_VERDEBURGO/PROVENCE_RAIZ/07_STARTER_X5/paper-place-card.jpg","imagem","1500x1000","","não","Provence Raiz","apoio visual para LinkedIn","validar recorte desktop/mobile","baixo se usado no contexto público do site","preservar original; usar cópia"
"public/images/14_VERDEBURGO/PROVENCE_RAIZ/07_STARTER_X5/paper-table-menu.jpg","imagem","1000x1500","","não","Provence Raiz","apoio visual para LinkedIn","validar recorte desktop/mobile","baixo se usado no contexto público do site","preservar original; usar cópia"
"public/images/14_VERDEBURGO/PROVENCE_RAIZ/07_STARTER_X5/paper-thank-you-card.jpg","imagem","1500x1000","","não","Provence Raiz","apoio visual para LinkedIn","validar recorte desktop/mobile","baixo se usado no contexto público do site","preservar original; usar cópia"
"public/images/14_VERDEBURGO/PROVENCE_RAIZ/07_STARTER_X5/paper-vows-book.jpg","imagem","999x1500","","não","Provence Raiz","apoio visual para LinkedIn","validar recorte desktop/mobile","baixo se usado no contexto público do site","preservar original; usar cópia"
"public/images/14_VERDEBURGO/PROVENCE_RAIZ/07_STARTER_X5/sign-bar.jpg","imagem","1000x1500","","não","Provence Raiz","apoio visual para LinkedIn","validar recorte desktop/mobile","baixo se usado no contexto público do site","preservar original; usar cópia"
"public/images/14_VERDEBURGO/PROVENCE_RAIZ/07_STARTER_X5/sign-buffet.jpg","imagem","1000x1500","","não","Provence Raiz","apoio visual para LinkedIn","validar recorte desktop/mobile","baixo se usado no contexto público do site","preservar original; usar cópia"
"public/images/14_VERDEBURGO/PROVENCE_RAIZ/07_STARTER_X5/sign-ceremony.jpg","imagem","999x1500","","não","Provence Raiz","apoio visual para LinkedIn","validar recorte desktop/mobile","baixo se usado no contexto público do site","preservar original; usar cópia"
"public/images/14_VERDEBURGO/PROVENCE_RAIZ/07_STARTER_X5/sign-directional.jpg","imagem","1500x1000","","não","Provence Raiz","apoio visual para LinkedIn","validar recorte desktop/mobile","baixo se usado no contexto público do site","preservar original; usar cópia"
"public/images/14_VERDEBURGO/PROVENCE_RAIZ/07_STARTER_X5/sign-reception.jpg","imagem","1000x1500","","não","Provence Raiz","apoio visual para LinkedIn","validar recorte desktop/mobile","baixo se usado no contexto público do site","preservar original; usar cópia"
"public/images/14_VERDEBURGO/PROVENCE_RAIZ/07_STARTER_X5/sign-table.jpg","imagem","1500x1000","","não","Provence Raiz","apoio visual para LinkedIn","validar recorte desktop/mobile","baixo se usado no contexto público do site","preservar original; usar cópia"
"public/images/14_VERDEBURGO/PROVENCE_RAIZ/07_STARTER_X5/sign-welcome.jpg","imagem","999x1500","","não","Provence Raiz","apoio visual para LinkedIn","validar recorte desktop/mobile","baixo se usado no contexto público do site","preservar original; usar cópia"
"public/social/linkedin/linkedin-company-cover-paes-consultoria.png","imagem","4200x700","","possível","Social/LinkedIn","apoio visual para LinkedIn","validar recorte desktop/mobile","baixo se usado no contexto público do site","preservar original; usar cópia"
"public/social/linkedin/linkedin-company-logo-paes-consultoria.png","logotipo/simbolo","400x400","","possível","Social/LinkedIn","apoio visual para LinkedIn","validar recorte desktop/mobile","baixo se usado no contexto público do site","preservar original; usar cópia"
"public/social/linkedin/linkedin-launch-post-ecosystem.png","imagem","1600x900","","possível","Social/LinkedIn","apoio visual para LinkedIn","validar recorte desktop/mobile","baixo se usado no contexto público do site","preservar original; usar cópia"
"public/social/linkedin/linkedin-profile-cover-samuel-paes.png","imagem","1584x396","","possível","Social/LinkedIn","apoio visual para LinkedIn","validar recorte desktop/mobile","baixo se usado no contexto público do site","preservar original; usar cópia"
