"id","categoria","afirmacao","origem","evidencia","confianca","uso_recomendado","observacoes"
"E001","identidade","Samuel Carrera Paes e Paes Consultoria são as entidades centrais do site.","index.html; src/App.jsx","Title, meta description, JSON-LD e hero usam Samuel Carrera Paes / Paes Consultoria.","alto","publicar",""
"E002","proposta","A atuação pública reúne direção criativa, imagem, espaço, eventos, varejo, cenografia, campanhas e experiências.","index.html","Meta description pública do site.","alto","publicar",""
"E003","arquitetura","A estrutura pública atual é Início, Visão, Portfólio, Sistema/Biblioteca e Contato.","README.md; DOCUMENTO_APP.md; src/App.jsx","Documentação e navegação principal.","alto","publicar",""
"E004","portfolio","O portfólio possui 12 cases públicos estruturados.","src/data/cases.js","Val Fortunatto — Brand Transition; Val Fortunatto Linho — Produto Próprio; Ateliê Bambini — Arquitetura de Marca Infantil; R Lovers — Calendário Comercial; PORTI — Expansão Física & Cenografia; HEXA — Copa do Mundo · Reserva; Campanhas & Collabs; Rouge & Gold — Exposição Premium; Outerwear — Hotspots & Color Blocking; Vintage Denim — Cápsula Heritage; Paraíso Tropical — Mata Atlântica; Provence Raiz — Sistema Visual e Direção Criativa","alto","publicar",""
"E005","biblioteca","A Biblioteca/Sistema possui 6 artigos autorais.","src/sistemaArticleCards.js","A gramática invisível da marca; A edição que dá valor à escolha; A loja como argumento; O valor que o corpo reconhece; A disciplina que sustenta a forma; A coreografia do desejo","alto","publicar",""
"E006","area","Direção criativa contém 12 cases relacionados.","src/data/practiceAreas.js","Conceito, repertório e decisões capazes de alinhar linguagem, contexto e execução.","alto","publicar",""
"E007","area","Identidade e sistemas visuais contém 4 cases relacionados.","src/data/practiceAreas.js","Estruturas visuais consistentes para marcas e experiências reconhecíveis em diferentes escalas.","alto","publicar",""
"E008","area","Campanhas e colaborações contém 7 cases relacionados.","src/data/practiceAreas.js","Narrativas que conectam cultura, produto e imagem sem apagar a identidade de cada universo.","alto","publicar",""
"E009","area","Varejo e visual merchandising contém 11 cases relacionados.","src/data/practiceAreas.js","Curadoria, exposição e percurso orientados à atenção, ao desejo e à percepção de valor.","alto","publicar",""
"E010","area","Cenografia e experiência física contém 10 cases relacionados.","src/data/practiceAreas.js","Espaço, matéria e luz organizados como linguagem, percurso e memória.","alto","publicar",""
"E011","area","Eventos e hospitalidade contém 1 cases relacionados.","src/data/practiceAreas.js","Atmosferas em que acolhimento, operação e identidade sustentam uma experiência completa.","alto","publicar",""
"E012","case","Val Fortunatto — Brand Transition é um case público do portfólio.","src/data/cases.js","Brand Transition: Uma transição de marca construída pela curadoria, pela imagem e pela sofisticação do desejo.","alto","revisar","Não afirmar ano, métrica ou resultado quantitativo sem prova."
"E013","case","Val Fortunatto Linho — Produto Próprio é um case público do portfólio.","src/data/cases.js","Desenvolvimento de Coleção: Quando uma multimarca transforma confiança em produto próprio.","alto","revisar","Não afirmar ano, métrica ou resultado quantitativo sem prova."
"E014","case","Ateliê Bambini — Arquitetura de Marca Infantil é um case público do portfólio.","src/data/cases.js","Brand Creation: A construção de um novo universo para a infância contemporânea.","alto","revisar","Não afirmar ano, métrica ou resultado quantitativo sem prova."
"E015","case","R Lovers — Calendário Comercial é um case público do portfólio.","src/data/cases.js","Retail Campaign: A arquitetura afetiva da conversão orientada por produtos-chave.","alto","revisar","Não afirmar ano, métrica ou resultado quantitativo sem prova."
"E016","case","PORTI — Expansão Física & Cenografia é um case público do portfólio.","src/data/cases.js","Store Experience: A construção física, técnica e cenográfica de uma marca em expansão.","alto","revisar","Não afirmar ano, métrica ou resultado quantitativo sem prova."
"E017","case","HEXA — Copa do Mundo · Reserva é um case público do portfólio.","src/data/cases.js","Campanha Sazonal: A tradução do imaginário do futebol brasileiro para o varejo contemporâneo.","alto","revisar","Não afirmar ano, métrica ou resultado quantitativo sem prova."
"E018","case","Campanhas & Collabs é um case público do portfólio.","src/data/cases.js","Brand Collaboration: A complexa fusão de universos de marca, cultura e entretenimento no varejo físico.","alto","revisar","Não afirmar ano, métrica ou resultado quantitativo sem prova."
"E019","case","Rouge & Gold — Exposição Premium é um case público do portfólio.","src/data/cases.js","Retail Strategy: Reestruturação estratégica da leitura visual por meio de cor e cenografia de luz.","alto","revisar","Não afirmar ano, métrica ou resultado quantitativo sem prova."
"E020","case","Outerwear — Hotspots & Color Blocking é um case público do portfólio.","src/data/cases.js","Comportamento de Consumo: Construir pontos de calor visual para fazer o cliente parar, olhar e desejar.","alto","revisar","Não afirmar ano, métrica ou resultado quantitativo sem prova."
"E021","case","Vintage Denim — Cápsula Heritage é um case público do portfólio.","src/data/cases.js","Cenografia de Produto: Uma cápsula de produto transformada em ambiente autêntico de memória e coleção.","alto","revisar","Não afirmar ano, métrica ou resultado quantitativo sem prova."
"E022","case","Paraíso Tropical — Mata Atlântica é um case público do portfólio.","src/data/cases.js","Lançamento de Coleção: A força gráfica da Mata Atlântica como contraponto inteligente ao verão óbvio.","alto","revisar","Não afirmar ano, métrica ou resultado quantitativo sem prova."
"E023","case","Provence Raiz — Sistema Visual e Direção Criativa é um case público do portfólio.","src/data/cases.js","Evento como Sistema Visual: Um evento tratado como sistema de linguagem: identidade, atmosfera, arquitetura, matéria, flor e experiência trabalhando como uma comunicação 360 graus.","alto","revisar","Não afirmar ano, métrica ou resultado quantitativo sem prova."
"E024","artigo","A gramática invisível da marca é artigo da Biblioteca.","src/sistemaArticleCards.js","Antes da vitrine, antes da arara e antes da luz, existe uma pergunta mais funda: que marca este espaço está tentando confirmar?","alto","publicar",""
"E025","artigo","A edição que dá valor à escolha é artigo da Biblioteca.","src/sistemaArticleCards.js","Curadoria não é tirar peças para parecer sofisticado; é retirar o ruído que impede a escolha de ganhar sentido.","alto","publicar",""
"E026","artigo","A loja como argumento é artigo da Biblioteca.","src/sistemaArticleCards.js","O espaço não é fundo para o produto; é a linguagem física que decide como a marca será atravessada.","alto","publicar",""
"E027","artigo","O valor que o corpo reconhece é artigo da Biblioteca.","src/sistemaArticleCards.js","Valor percebido nasce quando luz, textura, peso, som e silêncio fazem o corpo acreditar na promessa da marca.","alto","publicar",""
"E028","artigo","A disciplina que sustenta a forma é artigo da Biblioteca.","src/sistemaArticleCards.js","Uma ideia só vira marca quando encontra processo suficiente para sobreviver ao uso, ao tempo e à rotina.","alto","publicar",""
"E029","artigo","A coreografia do desejo é artigo da Biblioteca.","src/sistemaArticleCards.js","Desejo não nasce em um ponto; ele se aproxima, encontra sinais, recebe confirmações e permanece como memória.","alto","publicar",""
