"data_sugerida","pilar","objetivo","publico","formato","titulo","gancho","ideia_central","evidencia","CTA","ativo","status","observacoes"
"2026-07-17","autoridade","presença e autoridade","decisores e parceiros criativos","post","Samuel Carrera Paes: portfólio como sistema","Um portfólio não precisa ser apenas galeria.","Estou reorganizando meu trabalho a partir de uma ideia: intenção só vira valor quando ganha presença. No meu portfólio, direção criativa, varejo, campanhas, eventos, espaço e Biblioteca aparecem como partes de um mesmo sistema.","site local","Conheça o portfólio em paesconsultoria.com","banner-final","rascunho","revisar antes de publicar"
"2026-07-19","educação","presença e autoridade","decisores e parceiros criativos","post","Marca não é discurso: é confirmação","Antes da vitrine, existe uma pergunta mais profunda.","Uma marca pode dizer que é sofisticada, autoral ou desejável. Mas o espaço, o produto, a luz, o toque e a operação confirmam ou desmentem essa promessa.","site local","Ler artigo Leitura de Marca","post-02","rascunho","revisar antes de publicar"
"2026-07-21","case","presença e autoridade","decisores e parceiros criativos","post","Val Fortunatto: transição sem ruptura","Reposicionar não é apagar uma marca. É mudar a lente.","No case Val Fortunatto Brand Transition, a direção criativa trabalhou curadoria, styling, campanha e percepção para renovar a leitura pública sem negar a elegância que já sustentava a marca.","site local","Ver case","post-03","rascunho","revisar antes de publicar"
"2026-07-23","diagnóstico","presença e autoridade","decisores e parceiros criativos","post","Curadoria é arquitetura da escolha","Mostrar tudo pode esconder o essencial.","Curadoria de produto não é simplesmente reduzir quantidade. É construir uma lógica de leitura para que o cliente encontre sentido, comparação e desejo.","site local","Salvar para revisar sua exposição","educacional","rascunho","revisar antes de publicar"
"2026-07-25","case","presença e autoridade","decisores e parceiros criativos","post","Porti: expansão física como presença","Vitrine não é enfeite sazonal quando organiza percepção.","O case Porti reúne expansão física, visual merchandising, cenografia e implantação. A questão não era apenas montar vitrines, mas sustentar coerência entre comunicação, loja e operação.","site local","Ver Porti","post-03","rascunho","revisar antes de publicar"
"2026-07-27","educação","presença e autoridade","decisores e parceiros criativos","post","Tela informa. Espaço confirma.","O físico ainda tem uma vantagem.","No varejo e nos eventos, o físico coloca corpo, escala, matéria, luz, som e memória no mesmo campo. A experiência não precisa competir com a velocidade digital; precisa entregar presença.","site local","Conhecer cases de experiência","servico","rascunho","revisar antes de publicar"
"2026-07-29","case","presença e autoridade","decisores e parceiros criativos","post","Provence Raiz: evento como sistema visual","Uma festa bem feita não é apenas decoração.","Provence Raiz trata o evento como linguagem 360 graus: identidade, papelaria, sinalização, hospitalidade, arquitetura cenográfica, flor e luz em continuidade.","site local","Ver Provence Raiz","carousel-02","rascunho","revisar antes de publicar"
"2026-07-31","educação","presença e autoridade","decisores e parceiros criativos","post","Narrativa espacial: a loja como argumento","O espaço não é fundo para o produto.","Quando a loja organiza atenção, percurso, pausa e descoberta, ela deixa de ser depósito bonito e passa a funcionar como argumento físico da marca.","site local","Ler Narrativa Espacial","educacional","rascunho","revisar antes de publicar"
"2026-08-02","processo","presença e autoridade","decisores e parceiros criativos","post","Operação criativa sustenta a forma","Uma ideia boa precisa sobreviver ao uso real.","Direção criativa não termina na montagem. Se a equipe não consegue manter, substituir e repetir a linguagem, a forma perde força com a rotina.","site local","Ler Operação Criativa","post-04","rascunho","revisar antes de publicar"
"2026-08-04","relacionamento","presença e autoridade","decisores e parceiros criativos","post","O que observo primeiro em um projeto","Nem sempre começo pela estética.","Antes de definir forma, procuro entender contexto, público, repertório, restrições, operação e o tipo de presença que o projeto precisa sustentar.","site local","Me conte qual presença seu projeto precisa construir","institucional","rascunho","revisar antes de publicar"
"2026-08-06","case","presença e autoridade","decisores e parceiros criativos","post","Campanhas e collabs: traduzir universos","Colaboração não é sobre juntar logos.","Campanhas e collabs exigem mediação: cultura, entretenimento, produto e varejo precisam conversar sem apagar a identidade de cada universo.","site local","Ver campanhas e collabs","post-03","rascunho","revisar antes de publicar"
"2026-08-08","conversão","presença e autoridade","decisores e parceiros criativos","post","Vamos conversar sobre presença?","Se o seu projeto já tem intenção, talvez falte sistema.","A Paes Consultoria pode ajudar a organizar linguagem, espaço, imagem, narrativa e execução para que marcas, eventos e experiências sejam percebidos com mais clareza.","site local","Acesse paesconsultoria.com","contato","rascunho","revisar antes de publicar"
